code,類別,名稱,價格,內含說明,介紹理由
A,組套,常見麻醉組套A（面罩）,16334,進階呼吸道通氣術、麻醉深度監控、熱空氣式保溫、神經阻斷術止痛、持續疼痛監測暨疼痛處置組套、Ondansetron,喉罩或面罩全麻適用，一次涵蓋麻醉深度、保溫、止痛與止吐，術後較舒適
B,組套,常見麻醉組套B（插管）,21959,進階呼吸道通氣術、麻醉深度監控、最適肌張力組套、熱空氣式保溫、持續疼痛監測暨疼痛處置組套、Ondansetron、神經阻斷術止痛,插管全麻適用，含肌肉鬆弛監測與快速逆轉，醒得快、術後噁心疼痛較少
NMT,組套,最適肌張力組套,5625,手術中最適肌張力處置＋Sugammadex,監測肌肉鬆弛程度並用 Sugammadex 快速逆轉，減少術後肌肉無力與呼吸併發症
PAIN,組套,持續疼痛監測暨疼痛處置組套,8219,持續疼痛監測暨疼痛處置＋止痛藥（Dynastat、Acetamol、Precedex、Remifentanil）,術中監測疼痛反應並精準給止痛藥，減少鴉片類用量
CV,組套,開心與肝臟移植手術組套,41824,進階呼吸道、全血凝血分析（全套）、Remimazolam、疼痛組套、保溫、神經阻斷術止痛、最適肌張力組套,大型手術出血與凝血變化大，凝血分析可精準輸血，其餘項目提升安全與舒適
OLV,組套,單肺呼吸手術組套,29748,常見麻醉組套B＋腦血氧濃度監測,單肺通氣時血氧易波動，加上腦血氧監測更安全
NIVATS,組套,不插管胸腔鏡手術組套,16209,高氧呼吸輔助通氣術、保溫、神經阻斷術止痛、疼痛組套,不插管手術需高流量氧氣與良好止痛，喉嚨不痛、恢復快
SPINE,組套,脊椎手術組套,3192,頭墊、特殊氣管內管、保護性敷料（3片）,趴姿手術保護臉部與眼睛、減少壓瘡
AIRWAY,單項處置,進階呼吸道通氣術,1180,,使用進階呼吸道器材，插管更順利、減少喉嚨不適
HFNC,單項處置,高氧呼吸輔助通氣術,3000,,鎮靜或拔管後提供高流量氧氣，降低缺氧風險
BIS,單項處置,麻醉深度監控,1840,,依腦波調整麻醉藥量，避免過深或術中清醒，醒得較快
WARM,單項處置,熱空氣式保溫處置,2000,,手術中維持體溫，減少術後發抖、出血與感染
NIRS,單項處置,腦血氧濃度監測,7860,,即時監測腦部含氧，適合高齡或血壓易波動的病人
TEG,單項處置,全血凝血分析處置（全套）,20000,,"快速分析凝血功能，指引精準輸血。單次 7,500"
BISSED,單項處置,腦波導引理想鎮靜術（60分鐘內）,8000,,檢查或治療時舒服睡著，依腦波調整鎮靜深度，醒得快
NB,單項處置,神經阻斷術止痛,3000,,在手術部位附近打麻藥阻斷神經，術後疼痛明顯減輕、少用嗎啡
REMI,藥品,Remimazolam,1800,,新型短效鎮靜藥，對血壓呼吸影響較小、醒得快，適合高齡
ONDAN,藥品,Ondansetron,95,,預防術後噁心嘔吐
NALD,藥品,Naldebain,7000,,一劑止痛可持續約一週，適合術後疼痛明顯者
UGI,消化系麻醉,上消化道麻醉,2700,,睡著做胃鏡，不會嘔吐不適
LGI,消化系麻醉,下消化道麻醉,3000,,睡著做大腸鏡，不會腹脹疼痛
ULGI,消化系麻醉,上下消化道麻醉,5000,,一次睡著完成胃鏡與大腸鏡
EUS,消化系麻醉,上消化道EUS麻醉,2700,,內視鏡超音波時間較長，睡著做較舒適
EUSBX,消化系麻醉,EUS+biopsy麻醉,5000,,超音波導引切片需病人不動，鎮靜下較安全
ENTUP,消化系麻醉,上小腸鏡檢麻醉,10000,,小腸鏡時間長、不適感強，建議麻醉
ENTLOW,消化系麻醉,下小腸鏡檢麻醉,3000,,小腸鏡時間長、不適感強，睡著做較舒適
ESDA,消化系麻醉,ESD麻醉,10000,,ESD 時間長、需病人不動，麻醉下較安全順利
ERCP,消化系麻醉,ERCP麻醉（限靜脈麻醉30分鐘）,5000,,ERCP 趴姿且不適感強，靜脈麻醉較舒適
HUGI,消化系麻醉,高風險上消化道麻醉（+Remimazolam）,4500,,高齡或心肺疾病者用 Remimazolam，血壓呼吸較穩定
HLGI,消化系麻醉,高風險下消化道麻醉（+Remimazolam）,4800,,高齡或心肺疾病者用 Remimazolam，血壓呼吸較穩定
HULGI,消化系麻醉,高風險上下消化道麻醉（+Remimazolam）,6800,,高齡或心肺疾病者用 Remimazolam，血壓呼吸較穩定
HERCP,消化系麻醉,高風險特殊攝影麻醉費（60分鐘內）,13000,,高風險病人做 ERCP 等檢查，腦波監測鎮靜較安全
SEDSPINAL,自費麻醉費,脊椎麻醉要求舒眠麻醉費,2000,,半身麻醉時加上舒眠，手術中睡著不緊張
IVGA,自費麻醉費,自費靜脈麻醉>1小時,10000,,自費靜脈全身麻醉，睡著完成、不需插管
DENTAL,自費麻醉費,牙科舒眠自費麻醉<1小時,10000,,"睡著看牙，不緊張、不怕痛。超過 1 小時，每 30 分鐘加計 4,000"
SELFGA,自費麻醉費,自費氣管插管或面罩麻醉,10000,,"健保不給付的手術（如美容）所需的全身麻醉。超過 2 小時每 30 分鐘加 1,746；超過 4 小時每 30 分鐘加 2,183"
IVPCA,止痛,靜脈注射自控式止痛（1天）,3700,,病人痛時自己按鈕給止痛藥，術後疼痛控制更好
EPCA,止痛,硬脊膜外注射止痛（3天）,8000,,從背部導管持續給止痛藥，開腹開胸術後止痛效果最好
PAINEXT,止痛,疼痛治療延長療程（每延長一天）,1300,,延長術後止痛療程，持續控制疼痛
ITM,止痛,腰椎麻醉另加長效止痛藥,2500,,半身麻醉時加長效止痛藥，術後約一天較不痛
LABOR,減痛分娩,減痛分娩麻醉術,8000,,硬脊膜外減痛，產程中大幅減輕陣痛
ITLABOR,減痛分娩,髓鞘內減痛分娩術,4500,,起效快的減痛方式，適合產程較後期
MEPI,耗材,保護性敷料（美皮蓋）,420,,保護受壓部位皮膚，減少壓瘡
FLUIDWARM,耗材,巡迴員輸液套組/輸血加溫袋,975,,輸液輸血加溫，減少體溫下降
EYE,耗材,皮膚減壓墊（護眼貼）,390,,保護眼睛與臉部皮膚
NASALO2,耗材,經鼻氧氣套管,300,,鎮靜時經鼻給氧，降低缺氧風險
DERM,耗材,康威多愛膚超薄型敷料（人工皮）,60,,保護受壓部位皮膚，預防壓傷
DYN,藥品,Dynastat,735,,靜脈消炎止痛藥，不影響凝血、較不傷胃，可減少嗎啡用量
ACET,藥品,Acetamol,428,,靜脈普拿疼，溫和止痛退燒、副作用少，可減少嗎啡用量
PREC,藥品,Precedex,641,,鎮靜兼止痛，不抑制呼吸，減少術後躁動與嗎啡用量
REMIF,藥品,Remifentanil,615,,超短效強效止痛，術中可精準調整，停藥後很快消退、醒得快
PCC,藥品,PCC,11413,,快速補充凝血因子，大出血或需逆轉抗凝血藥時迅速止血、所需輸液量少
FC,藥品,FC,21250,,補充纖維蛋白原，大出血時快速改善凝血、減少輸血量
